<application>
  <component name="BlockTerminalUsage">
    <option name="blockTerminalUsedLastTimeMillis" value="1746215319220" />
    <option name="blockTerminalUsedLastVersion" value="251.23774.444" />
    <option name="feedbackNotificationShown" value="true" />
    <shellToExecutedCommandsNumber>
      <entry key="zsh" value="665" />
    </shellToExecutedCommandsNumber>
  </component>
  <component name="TerminalOptionsProvider">
    <option name="terminalEngine" value="NEW_TERMINAL" />
  </component>
</application>